Title,Price,Product Link,Source Website
MAC Lustre Glass Lipstick 3g (Various Shades),£24.00,https://www.lookfantastic.com/mac-lustre-glass-lipstick-3g-various-shades/13154370.html,www.lookfantastic.com
Makeup Revolution Lip Allure Soft Satin Lipstick 50g (Various Shades),£4.19,https://www.lookfantastic.com/makeup-revolution-lip-allure-soft-satin-lipstick-50g-various-shades/14869368.html,www.lookfantastic.com
Rimmel London x Olivia Neill Exclusive Lip Kit - Mauve (Worth £13.98),£8.99,https://www.lookfantastic.com/rimmel-london-x-olivia-neill-exclusive-lip-kit-mauve/14512112.html,www.lookfantastic.com
Illamasqua Ultramatter Lipstick 4g (Various Shades),£10.00,https://www.lookfantastic.com/illamasqua-ultramatter-lipstick-4g-various-shades/12320773.html,www.lookfantastic.com
MAC Matte Lipstick 3g (Various Shades),£17.60,https://www.lookfantastic.com/mac-matte-lipstick-3g-various-shades/13481355.html,www.lookfantastic.com
Givenchy Le Rouge Sheer Velvet Lipstick 3.4g (Various Shades),£34.00,https://www.lookfantastic.com/givenchy-le-rouge-sheer-velvet-lipstick-3.4g-various-shades/13522960.html,www.lookfantastic.com
By Terry LIP-EXPERT SHINE Liquid Lipstick (Various Shades),£14.00,https://www.lookfantastic.com/by-terry-lip-expert-shine-liquid-lipstick-various-shades/12023976.html,www.lookfantastic.com
Armani Lip Power 3.1g (Various Shades),£26.25,https://www.lookfantastic.com/armani-lip-power-3.1g-various-shades/12949183.html,www.lookfantastic.com
NYX Professional Makeup Shout Loud Hydrating Satin Lipstick (Various Shades),£7.20,https://www.lookfantastic.com/nyx-professional-makeup-shout-loud-hydrating-satin-lipstick-various-shades/12430059.html,www.lookfantastic.com
NUDESTIX Intense Matte Lip and Cheek Pencil 2.8g (Various Shades),£16.80,https://www.lookfantastic.com/nudestix-intense-matte-lip-and-cheek-pencil-2.8g-various-shades/11270460.html,www.lookfantastic.com
MAC Satin Lipstick (Various Shades),£22.00,https://www.lookfantastic.com/mac-satin-lipstick-various-shades/13340657.html,www.lookfantastic.com
Natasha Denona I Need A Rouge Lip Styletto 0.8g (Various Shades),£24.00,https://www.lookfantastic.com/natasha-denona-i-need-a-rouge-lip-styletto-0.8g-various-shades/14195542.html,www.lookfantastic.com
NARS Must-Have Mattes Lipstick 3.5g (Various Shades),£23.00,https://www.lookfantastic.com/nars-must-have-mattes-lipstick-3.5g-various-shades/12272632.html,www.lookfantastic.com
MAC Powder Kiss Velvet Blur Slim Stick 2g (Various Shades),£26.00,https://www.lookfantastic.com/mac-powder-kiss-velvet-blur-slim-stick-2g-various-shades/13951744.html,www.lookfantastic.com
Laura Mercier Velour Extreme Matte Lipstick - Dominate,£7.35,https://www.lookfantastic.com/laura-mercier-velour-extreme-matte-lipstick-dominate/13181152.html,www.lookfantastic.com
Illamasqua Sheer Veil Lipstick 4g (Various Shades),£10.00,https://www.lookfantastic.com/illamasqua-sheer-veil-lipstick-4g-various-shades/12363376.html,www.lookfantastic.com
MAC Bestsellers Lip Duo Kit,£65.00,https://www.lookfantastic.com/mac-bestsellers-lip-duo-kit/12356193.html,www.lookfantastic.com
Yves Saint Laurent Rouge Pur Couture The Slim Lipstick - 9 Red Enigma,£17.50,https://www.lookfantastic.com/yves-saint-laurent-rouge-pur-couture-the-slim-lipstick-9-red-enigma/11886211.html,www.lookfantastic.com
NYX Professional Makeup Soft Matte Lip Cream (Various Shades),£5.25,https://www.lookfantastic.com/nyx-professional-makeup-soft-matte-lip-cream-various-shades/11530214.html,www.lookfantastic.com
Tom Ford Lip Colour 3g (Various Shades),£42.00,https://www.lookfantastic.com/tom-ford-lip-colour-3g-various-shades/12709449.html,www.lookfantastic.com
Yves Saint Laurent Rouge Pur Couture The Slim Lipstick - 11 Ambiguous Beige,£26.25,https://www.lookfantastic.com/yves-saint-laurent-rouge-pur-couture-the-slim-lipstick-11-ambiguous-beige/11886202.html,www.lookfantastic.com
Dolce&Gabbana The Only One Lipstick 1.7g (No Cap) (Various Shades),£15.00,https://www.lookfantastic.com/dolce-gabbana-the-only-one-lipstick-1.7g-no-cap-various-shades/12796552.html,www.lookfantastic.com
Lancôme L'Absolu Rouge Cream Lipstick 35ml (Various Shades),£23.25,https://www.lookfantastic.com/lancome-l-absolu-rouge-cream-lipstick-35ml-various-shades/13451099.html,www.lookfantastic.com
bareMinerals Mineralist Hydra Smoothing Lipstick 3.6g (Various Shades),£22.00,https://www.lookfantastic.com/bareminerals-mineralist-hydra-smoothing-lipstick-3.6g-various-shades/12507415.html,www.lookfantastic.com
NARS Air Matte Lip Colour 7.5ml (Various Shades),£23.00,https://www.lookfantastic.com/nars-air-matte-lip-colour-7.5ml-various-shades/12903410.html,www.lookfantastic.com
NYX Professional Makeup Lip Lingerie XXL Long Lasting Matte Liquid Lipstick 4ml (Various Shades),£8.99,https://www.lookfantastic.com/nyx-professional-makeup-lip-lingerie-xxl-long-lasting-matte-liquid-lipstick-4ml-various-shades/12932555.html,www.lookfantastic.com
Perricone MD No Makeup Lipstick SPF 15 4.2g (Various Shades),£10.50,https://www.lookfantastic.com/perricone-md-no-makeup-lipstick-broad-spectrum-spf15-4.2g-various-shades/12188346.html,www.lookfantastic.com
Givenchy Rose Perfecto Lip Balm 2.8g (Various Shades),£31.50,https://www.lookfantastic.com/givenchy-rose-perfecto-lip-balm-2.8g-various-shades/13522934.html,www.lookfantastic.com
Natasha Denona I Need a Nude Lipstick 4g (Various Shades),£16.50,https://www.lookfantastic.com/natasha-denona-i-need-a-nude-lipstick-4g-various-shades/12355425.html,www.lookfantastic.com
MAC Retro Matte Lipstick 3g (Various Shades),£22.00,https://www.lookfantastic.com/mac-retro-matte-lipstick-3g-various-shades/13481351.html,www.lookfantastic.com
MAC Nude Lipstick Trio,£52.50,https://www.lookfantastic.com/mac-nude-lipstick-trio/12356189.html,www.lookfantastic.com
Maybelline SuperStay Vinyl Ink Long Lasting Liquid Lipstick Shine Finish 47ml (Various Shades),£8.99,https://www.lookfantastic.com/maybelline-superstay-vinyl-ink-long-lasting-liquid-lipstick-shine-finish-47ml-various-shades/13666457.html,www.lookfantastic.com
MAC Mini Lipstick (Various Shades) 1.8g,£10.00,https://www.lookfantastic.com/mac-mini-lipstick-various-shades-1.8g/12612363.html,www.lookfantastic.com
NARS Powermatte Lipstick 1.5g (Various Shades),£26.50,https://www.lookfantastic.com/nars-powermatte-lipstick-1.5g-various-shades/13869810.html,www.lookfantastic.com
MAC Cremesheen Pearl Lipstick (Various Shades),£22.00,https://www.lookfantastic.com/mac-cremesheen-pearl-lipstick-various-shades/11471000.html,www.lookfantastic.com
NARS Air Matte Lip Colour - Dragon Girl,£26.00,https://www.lookfantastic.com/nars-air-matte-lip-colour-dragon-girl/13166501.html,www.lookfantastic.com
Armani Lip Maestro 6.5ml (Various Shades),£26.25,https://www.lookfantastic.com/armani-lip-maestro-6.5ml-various-shades/12880898.html,www.lookfantastic.com
NARS Sensual Satins Lipstick 3.5g (Various Shades),£25.50,https://www.lookfantastic.com/nars-sensual-satins-lipstick-3.5g-various-shades/12272612.html,www.lookfantastic.com
MAC Bestsellers Lipstick Trio,£52.50,https://www.lookfantastic.com/mac-bestsellers-lipstick-trio/12356190.html,www.lookfantastic.com
Armani Lip Maestro - Golden Sultan 405G,£24.50,https://www.lookfantastic.com/armani-lip-maestro-golden-sultan-405g/12246417.html,www.lookfantastic.com
Clinique Almost Lipstick Black Honey,£24.00,https://www.lookfantastic.com/clinique-almost-lipstick-black-honey/11144838.html,www.lookfantastic.com
Clinique Cult Classics On-The-Go: Black Honey Mini Makeup Gift Set (Worth £28.16),£19.00,https://www.lookfantastic.com/clinique-cult-classics-on-the-go-black-honey-mini-makeup-gift-set/14869441.html,www.lookfantastic.com
